{
    "0": {
        "address": 324,
        "repartition_rate": 0.11688311688311688,
        "whale_score": {
            "user_net_flow_eth_log_signed_norm": {
                "mean": 0.003324074074074074,
                "max": 0.3728,
                "min": 0.0,
                "std": 0.03445431004336258,
                "var": 0.0011870994805641556,
                "median": 0.0
            },
            "user_received_eth_norm": {
                "mean": 6.141975308641975e-05,
                "max": 0.0076,
                "min": 0.0,
                "std": 0.0004652897726018318,
                "var": 2.1649457248786437e-07,
                "median": 0.0
            },
            "user_sent_eth_norm": {
                "mean": 0.003344135802469136,
                "max": 1.0,
                "min": 0.0,
                "std": 0.055621518956942166,
                "var": 0.0030937533710774768,
                "median": 0.0
            },
            "max_received_eth_norm": {
                "mean": 5.185185185185185e-05,
                "max": 0.008,
                "min": 0.0,
                "std": 0.00046735170124767773,
                "var": 2.184176126590986e-07,
                "median": 0.0
            },
            "max_sent_eth_norm": {
                "mean": 0.003443827160493827,
                "max": 1.0,
                "min": 0.0,
                "std": 0.055654875743066975,
                "var": 0.0030974651939762246,
                "median": 0.0
            },
            "usdc_balance_norm": {
                "mean": 3.888888888888889e-05,
                "max": 0.005,
                "min": 0.0,
                "std": 0.00033675743904985667,
                "var": 1.1340557275541794e-07,
                "median": 0.0
            },
            "usdt_balance_norm": {
                "mean": 0.0002021604938271605,
                "max": 0.0341,
                "min": 0.0,
                "std": 0.002244572737276205,
                "var": 5.038106772923597e-06,
                "median": 0.0
            },
            "weth_balance_norm": {
                "mean": 2.9320987654320985e-05,
                "max": 0.0072,
                "min": 0.0,
                "std": 0.00040374198078774854,
                "var": 1.630075870504147e-07,
                "median": 0.0
            },
            "wbtc_balance_norm": {
                "mean": 9.25925925925926e-07,
                "max": 0.0002,
                "min": 0.0,
                "std": 1.240720631285916e-05,
                "var": 1.539387684898522e-10,
                "median": 0.0
            },
            "eth_balance_norm": {
                "mean": 0.003364506172839506,
                "max": 0.7604,
                "min": 0.0,
                "std": 0.04284924259280497,
                "var": 0.0018360575907770513,
                "median": 0.0
            }
        },
        "active_score": {
            "method_diversity": {
                "mean": 0.6412654320987654,
                "max": 1.0,
                "min": 0.0,
                "std": 0.33947410235507175,
                "var": 0.11524266616978174,
                "median": 0.765
            },
            "n_unique_protocol_names_norm": {
                "mean": 0.15679012345679014,
                "max": 0.6,
                "min": 0.0,
                "std": 0.10810873050373972,
                "var": 0.011687497611130221,
                "median": 0.2
            },
            "n_unique_protocol_types_norm": {
                "mean": 0.3402777777777778,
                "max": 0.75,
                "min": 0.0,
                "std": 0.2057371779181122,
                "var": 0.042327786377708954,
                "median": 0.5
            },
            "n_unique_methods_norm": {
                "mean": 0.17264876543209876,
                "max": 0.5294,
                "min": 0.0,
                "std": 0.09279093598153164,
                "var": 0.008610157800328703,
                "median": 0.1765
            },
            "tx_count_norm": {
                "mean": 0.08027098765432099,
                "max": 1.0,
                "min": 0.0,
                "std": 0.09895706714076573,
                "var": 0.009792501137102018,
                "median": 0.0606
            },
            "weekly_tx_freq_norm": {
                "mean": 0.019604012345679014,
                "max": 0.4998,
                "min": 0.0,
                "std": 0.04125479406550035,
                "var": 0.0017019580333868431,
                "median": 0.007050000000000001
            },
            "active_weeks_ratio": {
                "mean": 0.025030864197530863,
                "max": 0.15,
                "min": 0.01,
                "std": 0.017935185281381286,
                "var": 0.00032167087107747586,
                "median": 0.02
            },
            "lifetime_days_norm": {
                "mean": 0.21437654320987654,
                "max": 0.9931,
                "min": 0.0,
                "std": 0.26404516009353124,
                "var": 0.06971984656881855,
                "median": 0.0916
            }
        }
    },
    "1": {
        "address": 1913,
        "repartition_rate": 0.6901154401154401,
        "whale_score": {
            "user_net_flow_eth_log_signed_norm": {
                "mean": 0.001447569262937794,
                "max": 1.0,
                "min": 0.0,
                "std": 0.030667922497152545,
                "var": 0.0009405214702913552,
                "median": 0.0
            },
            "user_received_eth_norm": {
                "mean": 0.0041178254051228436,
                "max": 0.8282,
                "min": 0.0,
                "std": 0.03273261078279253,
                "var": 0.0010714238086577854,
                "median": 0.0
            },
            "user_sent_eth_norm": {
                "mean": 0.006565760585467852,
                "max": 0.6203,
                "min": 0.0,
                "std": 0.03780088348875613,
                "var": 0.0014289067925305162,
                "median": 0.0002
            },
            "max_received_eth_norm": {
                "mean": 0.002733298484056456,
                "max": 0.8704,
                "min": 0.0,
                "std": 0.026255387660760625,
                "var": 0.0006893453812168213,
                "median": 0.0
            },
            "max_sent_eth_norm": {
                "mean": 0.004251594354417146,
                "max": 0.6221,
                "min": 0.0,
                "std": 0.027575496574251148,
                "var": 0.0007604080113165369,
                "median": 0.0001
            },
            "usdc_balance_norm": {
                "mean": 0.0021578672242550966,
                "max": 1.0,
                "min": 0.0,
                "std": 0.028957388114455883,
                "var": 0.0008385303264112309,
                "median": 0.0
            },
            "usdt_balance_norm": {
                "mean": 0.0018033978044955567,
                "max": 1.0,
                "min": 0.0,
                "std": 0.0363394188434522,
                "var": 0.001320553361879849,
                "median": 0.0
            },
            "weth_balance_norm": {
                "mean": 0.0015670151594354418,
                "max": 1.0,
                "min": 0.0,
                "std": 0.025939217943878795,
                "var": 0.0006728430275400437,
                "median": 0.0
            },
            "wbtc_balance_norm": {
                "mean": 0.0013287506534239415,
                "max": 1.0,
                "min": 0.0,
                "std": 0.026509391233961257,
                "var": 0.000702747823595222,
                "median": 0.0
            },
            "eth_balance_norm": {
                "mean": 0.002815420805018296,
                "max": 1.0,
                "min": 0.0,
                "std": 0.032233780708582106,