{
    "Davies-Bouldin Index": 0.6881139113197885,
    "Calinski-Harabasz Index": 80.49942395232142,
    "Silhouette Avg": 0.5872466875484246
}