{
    "Davies-Bouldin Index": 0.6650805990412835,
    "Calinski-Harabasz Index": 32.31593863330132,
    "Silhouette Avg": 0.5810134916906301
}